<GradeBookteacher name="Juan Diego">
 <subject name="MarkUpLanguajes" surname="Pérez Jimenez">
    <student name="Inmaculada" surname="Sánchez" Note="6"></student>
    <student name="Isaac" surname="López" Note="8"></student>
    <student name="Lorenzo" surname="Gomez" Note="4"></student>
    <student name="Eduardo" surname="Dominguez" Note="5,6"></student>
    <student name="Jose" surname="Costa" Note="5,3"></student>
    <student name="Juan" surname="Fernandez" Note="8"></student>
    <student name="David" surname="Delgado" Note="7"></student>
    <student name="Facundo" surname="Escobar" Note="8,6"></student>
    <student name="Manuel" surname=" Martinez" Note="6,8"></student>
    <student name="Alejandro" surname="Casanova" Note="9"></student>
</subject>
 <subject name="DataBaseSystemManagement">
   <student name="Lidia" surname="Borrero" Note="7,2"></student>
   <student name="Martin" surname="De la Rosa" Note="8,1"></student>
   <student name="Laura" surname="Noguera" Note="5"></student>
   <student name="Ignacio" surname="Ochoa" Note="5,1"></student>
   <student name="Jaime" surname="De Las Casas" Note="8"></student>
   <student name="Maria" surname="Conrado" Note="10"></student>
   <student name="Virgilio" surname="Memo" Note="2"></student>
   <student name="Lyric" surname="Lennon" Note="8"></student>
   <student name="Shay" surname="Patrick" Note="4,3"></student>
   <student name="Ezio" surname="Auditore" Note="6"></student>
 </subject>
</GradeBookteacher>
